{
  "run_info": {
    "created_at": "2025-06-23T21:40:09+00:00",
    "total_time": 5102.518723823829,
    "experiment_name": "yuequ-ark/rank32-swish",
    "peft_branch": "peft-bench-ms",
    "train_config": {
      "model_id": "meta-llama/Llama-3.2-3B",
      "dtype": "bfloat16",
      "max_seq_length": 768,
      "batch_size": 4,
      "batch_size_eval": 200,
      "max_steps": 5000,
      "eval_steps": 250,
      "compile": false,
      "query_template": "Question: {query} Think step by step.\nAnswer:",
      "seed": 0,
      "grad_norm_clip": 1.0,
      "optimizer_type": "AdamW",
      "optimizer_kwargs": {
        "lr": 0.0001,
        "weight_decay": 0.1
      },
      "lr_scheduler": "cosine",
      "use_amp": false,
      "autocast_adapter_dtype": true,
      "generation_kwargs": {
        "max_length": 800,
        "max_new_tokens": 300
      },
      "attn_implementation": null
    },
    "peft_config": null,
    "error_msg": ""
  },
  "train_info": {
    "cuda_memory_reserved_avg": 22075103458,
    "cuda_memory_max": 41320185856,
    "cuda_memory_reserved_99th": 27328008683,
    "train_time": 4658.524326708168,
    "file_size": 5739207552,
    "num_trainable_params": 2869603776,
    "num_total_params": 2869603776,
    "status": "success",
    "metrics": [
      {
        "step": 250,
        "valid accuracy": 0.44,
        "train loss": 1.0175838053226471,
        "train samples": 1000,
        "train time": 198.11922618933022,
        "eval time": 55.52663616486825,
        "tokens / sec": 1068.6443919262704,
        "mem allocated avg": 13283155765.248,
        "mem reserved avg": 22120901902.336,
        "elapsed time": 393.77184685808606
      },
      {
        "step": 500,
        "valid accuracy": 0.46,
        "train loss": 0.7352531926631928,
        "train samples": 2000,
        "train time": 200.24221373419277,
        "eval time": 23.942062182119116,
        "tokens / sec": 1038.7170423320354,
        "mem allocated avg": 13276218873.856,
        "mem reserved avg": 22022176374.784,
        "elapsed time": 743.7008062351961
      },
      {
        "step": 750,
        "valid accuracy": 0.38,
        "train loss": 0.6857368378639221,
        "train samples": 3000,
        "train time": 91.10359312780201,
        "eval time": 15.352625743951648,
        "tokens / sec": 2353.3758948369227,
        "mem allocated avg": 13286093791.232,
        "mem reserved avg": 22170579238.912,
        "elapsed time": 965.0172267600428
      },
      {
        "step": 1000,
        "valid accuracy": 0.44,
        "train loss": 0.6662893394231796,
        "train samples": 4000,
        "train time": 89.93995811161585,
        "eval time": 26.50412796717137,
        "tokens / sec": 2316.3897824085507,
        "mem allocated avg": 13277205192.704,
        "mem reserved avg": 22044196470.784,
        "elapsed time": 1195.9914415660314
      },
      {
        "step": 1250,
        "valid accuracy": 0.38,
        "train loss": 0.6630952669382095,
        "train samples": 5000,
        "train time": 89.69105104845949,
        "eval time": 16.077346108853817,
        "tokens / sec": 2325.070311499954,
        "mem allocated avg": 13276437843.968,
        "mem reserved avg": 22039196860.416,
        "elapsed time": 1417.8484441239852
      },
      {
        "step": 1500,
        "valid accuracy": 0.44,
        "train loss": 0.6560403198003769,
        "train samples": 6000,
        "train time": 90.22745595267043,
        "eval time": 15.518466533860192,
        "tokens / sec": 2320.036598502859,
        "mem allocated avg": 13279055550.464,
        "mem reserved avg": 22073715982.336,
        "elapsed time": 1639.9933777740225
      },
      {
        "step": 1750,
        "valid accuracy": 0.4,
        "train loss": 0.6480605694055557,
        "train samples": 7000,
        "train time": 90.5146037065424,
        "eval time": 26.483346985885873,
        "tokens / sec": 2312.9416848440314,
        "mem allocated avg": 13279794124.8,
        "mem reserved avg": 22073405603.84,
        "elapsed time": 1869.5111904609948
      },
      {
        "step": 2000,
        "valid accuracy": 0.44,
        "train loss": 0.6511528705358505,
        "train samples": 8000,
        "train time": 90.3104346753098,
        "eval time": 16.56119655794464,
        "tokens / sec": 2299.800690216172,
        "mem allocated avg": 13276437577.728,
        "mem reserved avg": 22025808642.048,
        "elapsed time": 2089.6794840730727
      },
      {
        "step": 2250,
        "valid accuracy": 0.44,
        "train loss": 0.6436091983318328,
        "train samples": 9000,
        "train time": 92.06176006561145,
        "eval time": 26.033284401055425,
        "tokens / sec": 2334.823925230289,
        "mem allocated avg": 13287965743.104,
        "mem reserved avg": 22200232968.192,
        "elapsed time": 2319.0325225130655
      },
      {
        "step": 2500,
        "valid accuracy": 0.46,
        "train loss": 0.6423093303442001,
        "train samples": 10000,
        "train time": 88.28733440535143,
        "eval time": 23.43763460009359,
        "tokens / sec": 2332.9167358745804,
        "mem allocated avg": 13273620107.264,
        "mem reserved avg": 21977364430.848,
        "elapsed time": 2538.807383213192
      },
      {
        "step": 2750,
        "valid accuracy": 0.42,
        "train loss": 0.6364551783800125,
        "train samples": 11000,
        "train time": 90.12419409560971,
        "eval time": 18.12245149188675,
        "tokens / sec": 2350.9891225792558,
        "mem allocated avg": 13283848677.376,
        "mem reserved avg": 22131807092.736,
        "elapsed time": 2755.7866976791993
      },
      {
        "step": 3000,
        "valid accuracy": 0.46,
        "train loss": 0.6284287462234497,
        "train samples": 12000,
        "train time": 89.47984377900138,
        "eval time": 18.800390271935612,
        "tokens / sec": 2332.715293016457,
        "mem allocated avg": 13278718134.272,
        "mem reserved avg": 22059321131.008,
        "elapsed time": 2972.604015185032
      },
      {
        "step": 3250,
        "valid accuracy": 0.48,
        "train loss": 0.6388756380081176,
        "train samples": 13000,
        "train time": 89.28978981240653,
        "eval time": 16.919850070029497,
        "tokens / sec": 2361.9833851450726,
        "mem allocated avg": 13280141901.824,
        "mem reserved avg": 22085854298.112,
        "elapsed time": 3185.311983344145
      },
      {
        "step": 3500,
        "valid accuracy": 0.44,
        "train loss": 0.6254414860010147,
        "train samples": 14000,
        "train time": 89.28618907625787,
        "eval time": 18.92540227714926,
        "tokens / sec": 2349.187507833445,
        "mem allocated avg": 13278795292.672,
        "mem reserved avg": 22062525579.264,
        "elapsed time": 3400.9116067651194
      },
      {
        "step": 3750,
        "valid accuracy": 0.42,
        "train loss": 0.624244566321373,
        "train samples": 15000,
        "train time": 91.18280858639628,
        "eval time": 17.65324097685516,
        "tokens / sec": 2376.577376366649,
        "mem allocated avg": 13289279787.008,
        "mem reserved avg": 22235364458.496,
        "elapsed time": 3629.0883261281997
      },
      {
        "step": 4000,
        "valid accuracy": 0.44,
        "train loss": 0.6389490549564362,
        "train samples": 16000,
        "train time": 87.92932388489135,
        "eval time": 18.924640658078715,
        "tokens / sec": 2324.287177137238,
        "mem allocated avg": 13271494074.368,
        "mem reserved avg": 21954262204.416,
        "elapsed time": 3846.6313419500366
      },
      {
        "step": 4250,
        "valid accuracy": 0.44,
        "train loss": 0.6244803937673569,
        "train samples": 17000,
        "train time": 89.33093733317219,
        "eval time": 18.8982568429783,
        "tokens / sec": 2366.3582439709016,