{
  "run_info": {
    "created_at": "2025-06-23T20:12:09+00:00",
    "total_time": 4508.664306346793,
    "experiment_name": "yuequ-ark/rank32-tanh*",
    "peft_branch": "peft-bench-ms",
    "train_config": {
      "model_id": "meta-llama/Llama-3.2-3B",
      "dtype": "bfloat16",
      "max_seq_length": 768,
      "batch_size": 4,
      "batch_size_eval": 200,
      "max_steps": 5000,
      "eval_steps": 250,
      "compile": false,
      "query_template": "Question: {query} Think step by step.\nAnswer:",
      "seed": 0,
      "grad_norm_clip": 1.0,
      "optimizer_type": "AdamW",
      "optimizer_kwargs": {
        "lr": 0.0001,
        "weight_decay": 0.1
      },
      "lr_scheduler": "cosine",
      "use_amp": false,
      "autocast_adapter_dtype": true,
      "generation_kwargs": {
        "max_length": 800,
        "max_new_tokens": 300
      },
      "attn_implementation": null
    },
    "peft_config": null,
    "error_msg": ""
  },
  "train_info": {
    "cuda_memory_reserved_avg": 19204710124,
    "cuda_memory_max": 31354519552,
    "cuda_memory_reserved_99th": 24452876206,
    "train_time": 4087.6528566076886,
    "file_size": 5739207104,
    "num_trainable_params": 2869603552,
    "num_total_params": 2869603552,
    "status": "success",
    "metrics": [
      {
        "step": 250,
        "valid accuracy": 0.36,
        "train loss": 0.9435467405319213,
        "train samples": 1000,
        "train time": 63.67934100679122,
        "eval time": 19.653648216975853,
        "tokens / sec": 3324.7674465949763,
        "mem allocated avg": 13281662199.808,
        "mem reserved avg": 19253809905.664,
        "elapsed time": 185.04901070008054
      },
      {
        "step": 500,
        "valid accuracy": 0.3,
        "train loss": 0.709960693359375,
        "train samples": 2000,
        "train time": 63.51194348046556,
        "eval time": 19.669730043038726,
        "tokens / sec": 3274.895847959262,
        "mem allocated avg": 13274362279.936,
        "mem reserved avg": 19126697328.64,
        "elapsed time": 361.511679681018
      },
      {
        "step": 750,
        "valid accuracy": 0.44,
        "train loss": 0.6738136166334152,
        "train samples": 3000,
        "train time": 64.81305402237922,
        "eval time": 16.63195320707746,
        "tokens / sec": 3307.991009434145,
        "mem allocated avg": 13284856348.672,
        "mem reserved avg": 19295794888.704,
        "elapsed time": 536.1310778870247
      },
      {
        "step": 1000,
        "valid accuracy": 0.44,
        "train loss": 0.6541262186765671,
        "train samples": 4000,
        "train time": 63.366606197087094,
        "eval time": 13.22139790887013,
        "tokens / sec": 3287.7885135905703,
        "mem allocated avg": 13275354259.456,
        "mem reserved avg": 19173488984.064,
        "elapsed time": 704.4725221630652
      },
      {
        "step": 1250,
        "valid accuracy": 0.42,
        "train loss": 0.6512618432044983,
        "train samples": 5000,
        "train time": 63.573603643104434,
        "eval time": 19.680601817090064,
        "tokens / sec": 3280.2608008617935,
        "mem allocated avg": 13275424985.088,
        "mem reserved avg": 19171299557.376,
        "elapsed time": 883.0092159060296
      },
      {
        "step": 1500,
        "valid accuracy": 0.44,
        "train loss": 0.6438876736164093,
        "train samples": 6000,
        "train time": 63.74104941263795,
        "eval time": 13.717332667903975,
        "tokens / sec": 3284.084619392788,
        "mem allocated avg": 13277072996.352,
        "mem reserved avg": 19199619497.984,
        "elapsed time": 1054.8960149411578
      },
      {
        "step": 1750,
        "valid accuracy": 0.42,
        "train loss": 0.6350876334905624,
        "train samples": 7000,
        "train time": 64.15138174942695,
        "eval time": 19.65496237599291,
        "tokens / sec": 3263.4527003289395,
        "mem allocated avg": 13278151194.624,
        "mem reserved avg": 19207378960.384,
        "elapsed time": 1232.0286525210831
      },
      {
        "step": 2000,
        "valid accuracy": 0.4,
        "train loss": 0.6374295921325683,
        "train samples": 8000,
        "train time": 63.3244920023717,
        "eval time": 19.72964551206678,
        "tokens / sec": 3279.868395821022,
        "mem allocated avg": 13275154939.904,
        "mem reserved avg": 19159261904.896,
        "elapsed time": 1409.109632160049
      },
      {
        "step": 2250,
        "valid accuracy": 0.42,
        "train loss": 0.6288737783432007,
        "train samples": 9000,
        "train time": 65.14864557096735,
        "eval time": 15.586435184115544,
        "tokens / sec": 3299.3471793032763,
        "mem allocated avg": 13286302840.832,
        "mem reserved avg": 19329114439.68,
        "elapsed time": 1585.417550575221
      },
      {
        "step": 2500,
        "valid accuracy": 0.44,
        "train loss": 0.6265651594400405,
        "train samples": 10000,
        "train time": 62.711275819456205,
        "eval time": 14.518380212131888,
        "tokens / sec": 3284.3694743665005,
        "mem allocated avg": 13271512092.672,
        "mem reserved avg": 19110717030.4,
        "elapsed time": 1756.5426525271032
      },
      {
        "step": 2750,
        "valid accuracy": 0.4,
        "train loss": 0.6195222015380859,
        "train samples": 11000,
        "train time": 64.68560743913986,
        "eval time": 13.44135006912984,
        "tokens / sec": 3275.5509051893882,
        "mem allocated avg": 13282367297.536,
        "mem reserved avg": 19268028596.224,
        "elapsed time": 1929.827215537196
      },
      {
        "step": 3000,
        "valid accuracy": 0.38,
        "train loss": 0.6107180972099304,
        "train samples": 12000,
        "train time": 63.893669966608286,
        "eval time": 14.954949222039431,
        "tokens / sec": 3266.8494407831904,
        "mem allocated avg": 13277429098.496,
        "mem reserved avg": 19190702407.68,
        "elapsed time": 2102.3226903800387
      },
      {
        "step": 3250,
        "valid accuracy": 0.42,
        "train loss": 0.6204461832046508,
        "train samples": 13000,
        "train time": 64.05783815751784,
        "eval time": 13.603121368214488,
        "tokens / sec": 3292.3527559796153,
        "mem allocated avg": 13279556362.24,
        "mem reserved avg": 19221949972.48,
        "elapsed time": 2274.655956346076
      },
      {
        "step": 3500,
        "valid accuracy": 0.44,
        "train loss": 0.6053943755626678,
        "train samples": 14000,
        "train time": 64.01176528260112,
        "eval time": 19.715042676078156,
        "tokens / sec": 3276.7413783073976,
        "mem allocated avg": 13277499949.056,
        "mem reserved avg": 19192136859.648,
        "elapsed time": 2453.080746216001
      },
      {
        "step": 3750,
        "valid accuracy": 0.4,
        "train loss": 0.6042747838497162,
        "train samples": 15000,
        "train time": 65.80143203376792,
        "eval time": 19.685896585928276,
        "tokens / sec": 3293.2869893894185,
        "mem allocated avg": 13288624754.688,
        "mem reserved avg": 19366519242.752,
        "elapsed time": 2633.9886515550315
      },
      {
        "step": 4000,
        "valid accuracy": 0.38,
        "train loss": 0.6172454878091812,
        "train samples": 16000,
        "train time": 62.84766973508522,
        "eval time": 19.82153826393187,
        "tokens / sec": 3251.8787229736718,
        "mem allocated avg": 13269609521.152,
        "mem reserved avg": 19086952103.936,
        "elapsed time": 2810.34289482818
      },
      {
        "step": 4250,
        "valid accuracy": 0.4,
        "train loss": 0.604487058877945,
        "train samples": 17000,
        "train time": 91.84425336821005,
        "eval time": 23.315560875926167,
        "tokens / sec": 2301.602901082191,